index	source_board	row	col	image_path
001	Gemini_Generated_Image_7udg7j7udg7j7udg.png	1	1	build_frames/lineup_unique_art2/frames_1080p_jpg/frame_0001.jpg
002	Gemini_Generated_Image_7udg7j7udg7j7udg.png	1	2	build_frames/lineup_unique_art2/frames_1080p_jpg/frame_0002.jpg
003	Gemini_Generated_Image_7udg7j7udg7j7udg.png	1	3	build_frames/lineup_unique_art2/frames_1080p_jpg/frame_0003.jpg
004	Gemini_Generated_Image_7udg7j7udg7j7udg.png	1	4	build_frames/lineup_unique_art2/frames_1080p_jpg/frame_0004.jpg
005	Gemini_Generated_Image_7udg7j7udg7j7udg.png	2	1	build_frames/lineup_unique_art2/frames_1080p_jpg/frame_0005.jpg
006	Gemini_Generated_Image_7udg7j7udg7j7udg.png	2	2	build_frames/lineup_unique_art2/frames_1080p_jpg/frame_0006.jpg
007	Gemini_Generated_Image_7udg7j7udg7j7udg.png	2	3	build_frames/lineup_unique_art2/frames_1080p_jpg/frame_0007.jpg
008	Gemini_Generated_Image_7udg7j7udg7j7udg.png	2	4	build_frames/lineup_unique_art2/frames_1080p_jpg/frame_0008.jpg
009	Gemini_Generated_Image_7udg7j7udg7j7udg.png	3	1	build_frames/lineup_unique_art2/frames_1080p_jpg/frame_0009.jpg
010	Gemini_Generated_Image_7udg7j7udg7j7udg.png	3	2	build_frames/lineup_unique_art2/frames_1080p_jpg/frame_0010.jpg
011	Gemini_Generated_Image_7udg7j7udg7j7udg.png	3	3	build_frames/lineup_unique_art2/frames_1080p_jpg/frame_0011.jpg
012	Gemini_Generated_Image_7udg7j7udg7j7udg.png	3	4	build_frames/lineup_unique_art2/frames_1080p_jpg/frame_0012.jpg
013	Gemini_Generated_Image_kofdr6kofdr6kofd.png	1	1	build_frames/lineup_unique_art2/frames_1080p_jpg/frame_0013.jpg
014	Gemini_Generated_Image_kofdr6kofdr6kofd.png	1	2	build_frames/lineup_unique_art2/frames_1080p_jpg/frame_0014.jpg
015	Gemini_Generated_Image_kofdr6kofdr6kofd.png	1	3	build_frames/lineup_unique_art2/frames_1080p_jpg/frame_0015.jpg
016	Gemini_Generated_Image_kofdr6kofdr6kofd.png	1	4	build_frames/lineup_unique_art2/frames_1080p_jpg/frame_0016.jpg
017	Gemini_Generated_Image_kofdr6kofdr6kofd.png	2	1	build_frames/lineup_unique_art2/frames_1080p_jpg/frame_0017.jpg
018	Gemini_Generated_Image_kofdr6kofdr6kofd.png	2	2	build_frames/lineup_unique_art2/frames_1080p_jpg/frame_0018.jpg
019	Gemini_Generated_Image_kofdr6kofdr6kofd.png	2	3	build_frames/lineup_unique_art2/frames_1080p_jpg/frame_0019.jpg
020	Gemini_Generated_Image_kofdr6kofdr6kofd.png	2	4	build_frames/lineup_unique_art2/frames_1080p_jpg/frame_0020.jpg
021	Gemini_Generated_Image_kofdr6kofdr6kofd.png	3	1	build_frames/lineup_unique_art2/frames_1080p_jpg/frame_0021.jpg
022	Gemini_Generated_Image_kofdr6kofdr6kofd.png	3	2	build_frames/lineup_unique_art2/frames_1080p_jpg/frame_0022.jpg
023	Gemini_Generated_Image_kofdr6kofdr6kofd.png	3	3	build_frames/lineup_unique_art2/frames_1080p_jpg/frame_0023.jpg
024	Gemini_Generated_Image_kofdr6kofdr6kofd.png	3	4	build_frames/lineup_unique_art2/frames_1080p_jpg/frame_0024.jpg
025	Gemini_Generated_Image_5lh6hx5lh6hx5lh6.png	1	1	build_frames/lineup_unique_art2/frames_1080p_jpg/frame_0025.jpg
026	Gemini_Generated_Image_5lh6hx5lh6hx5lh6.png	1	2	build_frames/lineup_unique_art2/frames_1080p_jpg/frame_0026.jpg
027	Gemini_Generated_Image_5lh6hx5lh6hx5lh6.png	1	3	build_frames/lineup_unique_art2/frames_1080p_jpg/frame_0027.jpg
028	Gemini_Generated_Image_5lh6hx5lh6hx5lh6.png	1	4	build_frames/lineup_unique_art2/frames_1080p_jpg/frame_0028.jpg
029	Gemini_Generated_Image_5lh6hx5lh6hx5lh6.png	2	1	build_frames/lineup_unique_art2/frames_1080p_jpg/frame_0029.jpg
030	Gemini_Generated_Image_5lh6hx5lh6hx5lh6.png	2	2	build_frames/lineup_unique_art2/frames_1080p_jpg/frame_0030.jpg
031	Gemini_Generated_Image_5lh6hx5lh6hx5lh6.png	2	3	build_frames/lineup_unique_art2/frames_1080p_jpg/frame_0031.jpg
032	Gemini_Generated_Image_5lh6hx5lh6hx5lh6.png	2	4	build_frames/lineup_unique_art2/frames_1080p_jpg/frame_0032.jpg
033	Gemini_Generated_Image_5lh6hx5lh6hx5lh6.png	3	1	build_frames/lineup_unique_art2/frames_1080p_jpg/frame_0033.jpg
034	Gemini_Generated_Image_5lh6hx5lh6hx5lh6.png	3	2	build_frames/lineup_unique_art2/frames_1080p_jpg/frame_0034.jpg
035	Gemini_Generated_Image_5lh6hx5lh6hx5lh6.png	3	4	build_frames/lineup_unique_art2/frames_1080p_jpg/frame_0035.jpg
036	Gemini_Generated_Image_y1q8rwy1q8rwy1q8.png	1	1	build_frames/lineup_unique_art2/frames_1080p_jpg/frame_0036.jpg
037	Gemini_Generated_Image_y1q8rwy1q8rwy1q8.png	1	2	build_frames/lineup_unique_art2/frames_1080p_jpg/frame_0037.jpg
038	Gemini_Generated_Image_y1q8rwy1q8rwy1q8.png	1	3	build_frames/lineup_unique_art2/frames_1080p_jpg/frame_0038.jpg
039	Gemini_Generated_Image_y1q8rwy1q8rwy1q8.png	1	4	build_frames/lineup_unique_art2/frames_1080p_jpg/frame_0039.jpg
040	Gemini_Generated_Image_y1q8rwy1q8rwy1q8.png	2	1	build_frames/lineup_unique_art2/frames_1080p_jpg/frame_0040.jpg
041	Gemini_Generated_Image_y1q8rwy1q8rwy1q8.png	2	2	build_frames/lineup_unique_art2/frames_1080p_jpg/frame_0041.jpg
042	Gemini_Generated_Image_y1q8rwy1q8rwy1q8.png	2	3	build_frames/lineup_unique_art2/frames_1080p_jpg/frame_0042.jpg
043	Gemini_Generated_Image_y1q8rwy1q8rwy1q8.png	2	4	build_frames/lineup_unique_art2/frames_1080p_jpg/frame_0043.jpg
044	Gemini_Generated_Image_y1q8rwy1q8rwy1q8.png	3	1	build_frames/lineup_unique_art2/frames_1080p_jpg/frame_0044.jpg
045	Gemini_Generated_Image_y1q8rwy1q8rwy1q8.png	3	2	build_frames/lineup_unique_art2/frames_1080p_jpg/frame_0045.jpg
046	Gemini_Generated_Image_y1q8rwy1q8rwy1q8.png	3	3	build_frames/lineup_unique_art2/frames_1080p_jpg/frame_0046.jpg
047	Gemini_Generated_Image_sxvd9xsxvd9xsxvd.png	1	1	build_frames/lineup_unique_art2/frames_1080p_jpg/frame_0047.jpg
048	Gemini_Generated_Image_sxvd9xsxvd9xsxvd.png	1	2	build_frames/lineup_unique_art2/frames_1080p_jpg/frame_0048.jpg
049	Gemini_Generated_Image_sxvd9xsxvd9xsxvd.png	1	3	build_frames/lineup_unique_art2/frames_1080p_jpg/frame_0049.jpg
050	Gemini_Generated_Image_sxvd9xsxvd9xsxvd.png	2	1	build_frames/lineup_unique_art2/frames_1080p_jpg/frame_0050.jpg
051	Gemini_Generated_Image_sxvd9xsxvd9xsxvd.png	2	2	build_frames/lineup_unique_art2/frames_1080p_jpg/frame_0051.jpg
052	Gemini_Generated_Image_sxvd9xsxvd9xsxvd.png	2	3	build_frames/lineup_unique_art2/frames_1080p_jpg/frame_0052.jpg
053	Gemini_Generated_Image_sxvd9xsxvd9xsxvd.png	2	4	build_frames/lineup_unique_art2/frames_1080p_jpg/frame_0053.jpg
054	Gemini_Generated_Image_sxvd9xsxvd9xsxvd.png	3	1	build_frames/lineup_unique_art2/frames_1080p_jpg/frame_0054.jpg
055	Gemini_Generated_Image_sxvd9xsxvd9xsxvd.png	3	2	build_frames/lineup_unique_art2/frames_1080p_jpg/frame_0055.jpg
056	Gemini_Generated_Image_sxvd9xsxvd9xsxvd.png	3	3	build_frames/lineup_unique_art2/frames_1080p_jpg/frame_0056.jpg
057	Gemini_Generated_Image_sxvd9xsxvd9xsxvd.png	3	4	build_frames/lineup_unique_art2/frames_1080p_jpg/frame_0057.jpg
058	Gemini_Generated_Image_mgac9tmgac9tmgac.png	1	1	build_frames/lineup_unique_art2/frames_1080p_jpg/frame_0058.jpg
059	Gemini_Generated_Image_mgac9tmgac9tmgac.png	1	2	build_frames/lineup_unique_art2/frames_1080p_jpg/frame_0059.jpg
060	Gemini_Generated_Image_mgac9tmgac9tmgac.png	1	3	build_frames/lineup_unique_art2/frames_1080p_jpg/frame_0060.jpg
061	Gemini_Generated_Image_mgac9tmgac9tmgac.png	1	4	build_frames/lineup_unique_art2/frames_1080p_jpg/frame_0061.jpg
062	Gemini_Generated_Image_mgac9tmgac9tmgac.png	2	1	build_frames/lineup_unique_art2/frames_1080p_jpg/frame_0062.jpg
063	Gemini_Generated_Image_mgac9tmgac9tmgac.png	2	2	build_frames/lineup_unique_art2/frames_1080p_jpg/frame_0063.jpg
064	Gemini_Generated_Image_mgac9tmgac9tmgac.png	2	3	build_frames/lineup_unique_art2/frames_1080p_jpg/frame_0064.jpg
065	Gemini_Generated_Image_mgac9tmgac9tmgac.png	2	4	build_frames/lineup_unique_art2/frames_1080p_jpg/frame_0065.jpg
066	Gemini_Generated_Image_mgac9tmgac9tmgac.png	3	1	build_frames/lineup_unique_art2/frames_1080p_jpg/frame_0066.jpg
067	Gemini_Generated_Image_mgac9tmgac9tmgac.png	3	2	build_frames/lineup_unique_art2/frames_1080p_jpg/frame_0067.jpg
068	Gemini_Generated_Image_mgac9tmgac9tmgac.png	3	3	build_frames/lineup_unique_art2/frames_1080p_jpg/frame_0068.jpg
069	Gemini_Generated_Image_mgac9tmgac9tmgac.png	3	4	build_frames/lineup_unique_art2/frames_1080p_jpg/frame_0069.jpg
070	Gemini_Generated_Image_3a4flb3a4flb3a4f.png	1	1	build_frames/lineup_unique_art2/frames_1080p_jpg/frame_0070.jpg
071	Gemini_Generated_Image_3a4flb3a4flb3a4f.png	1	2	build_frames/lineup_unique_art2/frames_1080p_jpg/frame_0071.jpg
072	Gemini_Generated_Image_3a4flb3a4flb3a4f.png	1	3	build_frames/lineup_unique_art2/frames_1080p_jpg/frame_0072.jpg
073	Gemini_Generated_Image_3a4flb3a4flb3a4f.png	1	4	build_frames/lineup_unique_art2/frames_1080p_jpg/frame_0073.jpg
074	Gemini_Generated_Image_3a4flb3a4flb3a4f.png	2	1	build_frames/lineup_unique_art2/frames_1080p_jpg/frame_0074.jpg
075	Gemini_Generated_Image_3a4flb3a4flb3a4f.png	2	2	build_frames/lineup_unique_art2/frames_1080p_jpg/frame_0075.jpg
076	Gemini_Generated_Image_3a4flb3a4flb3a4f.png	2	3	build_frames/lineup_unique_art2/frames_1080p_jpg/frame_0076.jpg
077	Gemini_Generated_Image_3a4flb3a4flb3a4f.png	2	4	build_frames/lineup_unique_art2/frames_1080p_jpg/frame_0077.jpg
078	Gemini_Generated_Image_3a4flb3a4flb3a4f.png	3	1	build_frames/lineup_unique_art2/frames_1080p_jpg/frame_0078.jpg
079	Gemini_Generated_Image_3a4flb3a4flb3a4f.png	3	2	build_frames/lineup_unique_art2/frames_1080p_jpg/frame_0079.jpg
080	Gemini_Generated_Image_3a4flb3a4flb3a4f.png	3	3	build_frames/lineup_unique_art2/frames_1080p_jpg/frame_0080.jpg
081	Gemini_Generated_Image_3a4flb3a4flb3a4f.png	3	4	build_frames/lineup_unique_art2/frames_1080p_jpg/frame_0081.jpg
082	Gemini_Generated_Image_yrkmp7yrkmp7yrkm.png	2	3	build_frames/lineup_unique_art2/frames_1080p_jpg/frame_0082.jpg
083	Gemini_Generated_Image_yrkmp7yrkmp7yrkm.png	3	1	build_frames/lineup_unique_art2/frames_1080p_jpg/frame_0083.jpg
084	Gemini_Generated_Image_yrkmp7yrkmp7yrkm.png	3	4	build_frames/lineup_unique_art2/frames_1080p_jpg/frame_0084.jpg
085	Gemini_Generated_Image_87ru387ru387ru38.png	1	1	build_frames/lineup_unique_art2/frames_1080p_jpg/frame_0085.jpg
086	Gemini_Generated_Image_87ru387ru387ru38.png	1	2	build_frames/lineup_unique_art2/frames_1080p_jpg/frame_0086.jpg
087	Gemini_Generated_Image_87ru387ru387ru38.png	1	3	build_frames/lineup_unique_art2/frames_1080p_jpg/frame_0087.jpg
088	Gemini_Generated_Image_87ru387ru387ru38.png	1	4	build_frames/lineup_unique_art2/frames_1080p_jpg/frame_0088.jpg
089	Gemini_Generated_Image_87ru387ru387ru38.png	2	1	build_frames/lineup_unique_art2/frames_1080p_jpg/frame_0089.jpg
090	Gemini_Generated_Image_87ru387ru387ru38.png	2	2	build_frames/lineup_unique_art2/frames_1080p_jpg/frame_0090.jpg
091	Gemini_Generated_Image_87ru387ru387ru38.png	2	3	build_frames/lineup_unique_art2/frames_1080p_jpg/frame_0091.jpg
092	Gemini_Generated_Image_87ru387ru387ru38.png	2	4	build_frames/lineup_unique_art2/frames_1080p_jpg/frame_0092.jpg
093	Gemini_Generated_Image_87ru387ru387ru38.png	3	1	build_frames/lineup_unique_art2/frames_1080p_jpg/frame_0093.jpg
094	Gemini_Generated_Image_87ru387ru387ru38.png	3	2	build_frames/lineup_unique_art2/frames_1080p_jpg/frame_0094.jpg
095	Gemini_Generated_Image_87ru387ru387ru38.png	3	3	build_frames/lineup_unique_art2/frames_1080p_jpg/frame_0095.jpg
096	Gemini_Generated_Image_87ru387ru387ru38.png	3	4	build_frames/lineup_unique_art2/frames_1080p_jpg/frame_0096.jpg
097	Gemini_Generated_Image_cgqlcscgqlcscgql.png	1	1	build_frames/lineup_unique_art2/frames_1080p_jpg/frame_0097.jpg
098	Gemini_Generated_Image_cgqlcscgqlcscgql.png	1	2	build_frames/lineup_unique_art2/frames_1080p_jpg/frame_0098.jpg
099	Gemini_Generated_Image_cgqlcscgqlcscgql.png	1	3	build_frames/lineup_unique_art2/frames_1080p_jpg/frame_0099.jpg
100	Gemini_Generated_Image_cgqlcscgqlcscgql.png	1	4	build_frames/lineup_unique_art2/frames_1080p_jpg/frame_0100.jpg
101	Gemini_Generated_Image_cgqlcscgqlcscgql.png	2	1	build_frames/lineup_unique_art2/frames_1080p_jpg/frame_0101.jpg
102	Gemini_Generated_Image_cgqlcscgqlcscgql.png	2	2	build_frames/lineup_unique_art2/frames_1080p_jpg/frame_0102.jpg
103	Gemini_Generated_Image_cgqlcscgqlcscgql.png	2	3	build_frames/lineup_unique_art2/frames_1080p_jpg/frame_0103.jpg
104	Gemini_Generated_Image_cgqlcscgqlcscgql.png	2	4	build_frames/lineup_unique_art2/frames_1080p_jpg/frame_0104.jpg
105	Gemini_Generated_Image_cgqlcscgqlcscgql.png	3	1	build_frames/lineup_unique_art2/frames_1080p_jpg/frame_0105.jpg
106	Gemini_Generated_Image_cgqlcscgqlcscgql.png	3	2	build_frames/lineup_unique_art2/frames_1080p_jpg/frame_0106.jpg
107	Gemini_Generated_Image_cgqlcscgqlcscgql.png	3	3	build_frames/lineup_unique_art2/frames_1080p_jpg/frame_0107.jpg
108	Gemini_Generated_Image_cgqlcscgqlcscgql.png	3	4	build_frames/lineup_unique_art2/frames_1080p_jpg/frame_0108.jpg
109	Gemini_Generated_Image_8tvzoh8tvzoh8tvz.png	1	1	build_frames/lineup_unique_art2/frames_1080p_jpg/frame_0109.jpg
110	Gemini_Generated_Image_8tvzoh8tvzoh8tvz.png	1	2	build_frames/lineup_unique_art2/frames_1080p_jpg/frame_0110.jpg
111	Gemini_Generated_Image_8tvzoh8tvzoh8tvz.png	1	3	build_frames/lineup_unique_art2/frames_1080p_jpg/frame_0111.jpg
112	Gemini_Generated_Image_8tvzoh8tvzoh8tvz.png	1	4	build_frames/lineup_unique_art2/frames_1080p_jpg/frame_0112.jpg
113	Gemini_Generated_Image_8tvzoh8tvzoh8tvz.png	2	1	build_frames/lineup_unique_art2/frames_1080p_jpg/frame_0113.jpg
114	Gemini_Generated_Image_8tvzoh8tvzoh8tvz.png	2	2	build_frames/lineup_unique_art2/frames_1080p_jpg/frame_0114.jpg
115	Gemini_Generated_Image_8tvzoh8tvzoh8tvz.png	2	3	build_frames/lineup_unique_art2/frames_1080p_jpg/frame_0115.jpg
116	Gemini_Generated_Image_8tvzoh8tvzoh8tvz.png	2	4	build_frames/lineup_unique_art2/frames_1080p_jpg/frame_0116.jpg
117	Gemini_Generated_Image_8tvzoh8tvzoh8tvz.png	3	1	build_frames/lineup_unique_art2/frames_1080p_jpg/frame_0117.jpg
118	Gemini_Generated_Image_8tvzoh8tvzoh8tvz.png	3	2	build_frames/lineup_unique_art2/frames_1080p_jpg/frame_0118.jpg
119	Gemini_Generated_Image_8tvzoh8tvzoh8tvz.png	3	3	build_frames/lineup_unique_art2/frames_1080p_jpg/frame_0119.jpg
120	Gemini_Generated_Image_8tvzoh8tvzoh8tvz.png	3	4	build_frames/lineup_unique_art2/frames_1080p_jpg/frame_0120.jpg
121	Gemini_Generated_Image_p7mgp7p7mgp7p7mg.png	1	1	build_frames/lineup_unique_art2/frames_1080p_jpg/frame_0121.jpg
122	Gemini_Generated_Image_p7mgp7p7mgp7p7mg.png	1	2	build_frames/lineup_unique_art2/frames_1080p_jpg/frame_0122.jpg
123	Gemini_Generated_Image_p7mgp7p7mgp7p7mg.png	1	3	build_frames/lineup_unique_art2/frames_1080p_jpg/frame_0123.jpg
124	Gemini_Generated_Image_p7mgp7p7mgp7p7mg.png	1	4	build_frames/lineup_unique_art2/frames_1080p_jpg/frame_0124.jpg
125	Gemini_Generated_Image_p7mgp7p7mgp7p7mg.png	2	1	build_frames/lineup_unique_art2/frames_1080p_jpg/frame_0125.jpg
126	Gemini_Generated_Image_p7mgp7p7mgp7p7mg.png	2	4	build_frames/lineup_unique_art2/frames_1080p_jpg/frame_0126.jpg
127	Gemini_Generated_Image_p7mgp7p7mgp7p7mg.png	3	2	build_frames/lineup_unique_art2/frames_1080p_jpg/frame_0127.jpg
128	Gemini_Generated_Image_p7mgp7p7mgp7p7mg.png	3	3	build_frames/lineup_unique_art2/frames_1080p_jpg/frame_0128.jpg
129	Gemini_Generated_Image_p7mgp7p7mgp7p7mg.png	3	4	build_frames/lineup_unique_art2/frames_1080p_jpg/frame_0129.jpg
130	Gemini_Generated_Image_2pg3hy2pg3hy2pg3.png	1	2	build_frames/lineup_unique_art2/frames_1080p_jpg/frame_0130.jpg
131	Gemini_Generated_Image_2pg3hy2pg3hy2pg3.png	1	3	build_frames/lineup_unique_art2/frames_1080p_jpg/frame_0131.jpg
132	Gemini_Generated_Image_2pg3hy2pg3hy2pg3.png	1	4	build_frames/lineup_unique_art2/frames_1080p_jpg/frame_0132.jpg
133	Gemini_Generated_Image_2pg3hy2pg3hy2pg3.png	2	2	build_frames/lineup_unique_art2/frames_1080p_jpg/frame_0133.jpg
134	Gemini_Generated_Image_2pg3hy2pg3hy2pg3.png	2	3	build_frames/lineup_unique_art2/frames_1080p_jpg/frame_0134.jpg
135	Gemini_Generated_Image_2pg3hy2pg3hy2pg3.png	2	4	build_frames/lineup_unique_art2/frames_1080p_jpg/frame_0135.jpg
136	Gemini_Generated_Image_2pg3hy2pg3hy2pg3.png	3	2	build_frames/lineup_unique_art2/frames_1080p_jpg/frame_0136.jpg
137	Gemini_Generated_Image_2pg3hy2pg3hy2pg3.png	3	3	build_frames/lineup_unique_art2/frames_1080p_jpg/frame_0137.jpg
